[

    {
        "ParameterKey": "EnvironmentName",
        "ParameterValue": "UdacityProject2"
    },
    {
        "ParameterKey": "MaxCapacity",
        "ParameterValue": "4"
    },
    {
        "ParameterKey": "MinCapacity",
        "ParameterValue": "2"
    },
    {
        "ParameterKey": "DesiredCapacity",
        "ParameterValue": "2"
    },
    {
        "ParameterKey": "AmiId",
        "ParameterValue": "ami-0729e439b6769d6ab"
    },
    {
        "ParameterKey": "CPUPolicyTargetValue",
        "ParameterValue": "30"
    },
    {
        "ParameterKey": "BucketName",
        "ParameterValue": "udagram-bucket-270425828601"
    }
]